-2.5	-2.49	-2.48	-2.47	-2.46	-2.45	-2.44	-2.43	-2.42	-2.41	-2.4	-2.39	-2.38	-2.37	-2.36	-2.35	-2.34	-2.33	-2.32	-2.31	-2.3	-2.29	-2.28	-2.27	-2.26	-2.25	-2.24	-2.23	-2.22	-2.21	-2.2	-2.19	-2.18	-2.17	-2.16	-2.15	-2.14	-2.13	-2.12	-2.11	-2.1	-2.09	-2.08	-2.07	-2.06	-2.05	-2.04	-2.03	-2.02	-2.01	-2.0	-1.99	-1.98	-1.97	-1.96	-1.95	-1.94	-1.93	-1.92	-1.91	-1.9	-1.89	-1.88	-1.87	-1.86	-1.85	-1.84	-1.83	-1.82	-1.81	-1.8	-1.79	-1.78	-1.77	-1.76	-1.75	-1.74	-1.73	-1.72	-1.71	-1.7	-1.69	-1.68	-1.67	-1.66	-1.65	-1.64	-1.63	-1.62	-1.61	-1.6	-1.59	-1.58	-1.57	-1.56	-1.55	-1.54	-1.53	-1.52	-1.51	-1.5	-1.49	-1.48	-1.47	-1.46	-1.45	-1.44	-1.43	-1.42	-1.41	-1.4	-1.39	-1.38	-1.37	-1.36	-1.35	-1.34	-1.33	-1.32	-1.31	-1.3	-1.29	-1.28	-1.27	-1.26	-1.25	-1.24	-1.23	-1.22	-1.21	-1.2	-1.19	-1.18	-1.17	-1.16	-1.15	-1.14	-1.13	-1.12	-1.11	-1.1	-1.09	-1.08	-1.07	-1.06	-1.05	-1.04	-1.03	-1.02	-1.01	-1.0	-0.99	-0.98	-0.97	-0.96	-0.95	-0.94	-0.93	-0.92	-0.91	-0.9	-0.89	-0.88	-0.87	-0.86	-0.85	-0.84	-0.83	-0.82	-0.81	-0.8	-0.79	-0.78	-0.77	-0.76	-0.75	-0.74	-0.73	-0.72	-0.71	-0.7	-0.69	-0.68	-0.67	-0.66	-0.65	-0.64	-0.63	-0.62	-0.61	-0.6	-0.59	-0.58	-0.57	-0.56	-0.55	-0.54	-0.53	-0.52	-0.51	-0.5	-0.49	-0.48	-0.47	-0.46	-0.45	-0.44	-0.43	-0.42	-0.41	-0.4	-0.39	-0.38	-0.37	-0.36	-0.35	-0.34	-0.33	-0.32	-0.31	-0.3	-0.29	-0.28	-0.27	-0.26	-0.25	-0.24	-0.23	-0.22	-0.21	-0.2	-0.19	-0.18	-0.17	-0.16	-0.15	-0.14	-0.13	-0.12	-0.11	-0.1	-0.09	-0.08	-0.07	-0.06	-0.05	-0.04	-0.03	-0.02	-0.01	0.0	0.01	0.02	0.03	0.04	0.05	0.06	0.07	0.08	0.09	0.1	0.11	0.12	0.13	0.14	0.15	0.16	0.17	0.18	0.19	0.2	0.21	0.22	0.23	0.24	0.25	0.26	0.27	0.28	0.29	0.3	0.31	0.32	0.33	0.34	0.35	0.36	0.37	0.38	0.39	0.4	0.41	0.42	0.43	0.44	0.45	0.46	0.47	0.48	0.49	0.5	0.51	0.52	0.53	0.54	0.55	0.56	0.57	0.58	0.59	0.6	0.61	0.62	0.63	0.64	0.65	0.66	0.67	0.68	0.69	0.7	0.71	0.72	0.73	0.74	0.75	0.76	0.77	0.78	0.79	0.8	0.81	0.82	0.83	0.84	0.85	0.86	0.87	0.88	0.89	0.9	0.91	0.92	0.93	0.94	0.95	0.96	0.97	0.98	0.99	1.0	1.01	1.02	1.03	1.04	1.05	1.06	1.07	1.08	1.09	1.1	1.11	1.12	1.13	1.14	1.15	1.16	1.17	1.18	1.19	1.2	1.21	1.22	1.23	1.24	1.25	1.26	1.27	1.28	1.29	1.3	1.31	1.32	1.33	1.34	1.35	1.36	1.37	1.38	1.39	1.4	1.41	1.42	1.43	1.44	1.45	1.46	1.47	1.48	1.49	1.5	1.51	1.52	1.53	1.54	1.55	1.56	1.57	1.58	1.59	1.6	1.61	1.62	1.63	1.64	1.65	1.66	1.67	1.68	1.69	1.7	1.71	1.72	1.73	1.74	1.75	1.76	1.77	1.78	1.79	1.8	1.81	1.82	1.83	1.84	1.85	1.86	1.87	1.88	1.89	1.9	1.91	1.92	1.93	1.94	1.95	1.96	1.97	1.98	1.99	2.0	2.01	2.02	2.03	2.04	2.05	2.06	2.07	2.08	2.09	2.1	2.11	2.12	2.13	2.14	2.15	2.16	2.17	2.18	2.19	2.2	2.21	2.22	2.23	2.24	2.25	2.26	2.27	2.28	2.29	2.3	2.31	2.32	2.33	2.34	2.35	2.36	2.37	2.38	2.39	2.4	2.41	2.42	2.43	2.44	2.45	2.46	2.47	2.48	2.49
0.0	0.01	0.02	0.03	0.04	0.05	0.06	0.07	0.08	0.09	0.1	0.11	0.12	0.13	0.14	0.15	0.16	0.17	0.18	0.19	0.2	0.21	0.22	0.23	0.24	0.25	0.26	0.27	0.28	0.29	0.3	0.31	0.32	0.33	0.34	0.35	0.36	0.37	0.38	0.39	0.4	0.41	0.42	0.43	0.44	0.45	0.46	0.47	0.48	0.49	0.5	0.51	0.52	0.53	0.54	0.55	0.56	0.57	0.58	0.59	0.6	0.61	0.62	0.63	0.64	0.65	0.66	0.67	0.68	0.69	0.7	0.71	0.72	0.73	0.74	0.75	0.76	0.77	0.78	0.79	0.8	0.81	0.82	0.83	0.84	0.85	0.86	0.87	0.88	0.89	0.9	0.91	0.92	0.93	0.94	0.95	0.96	0.97	0.98	0.99	1.0	1.01	1.02	1.03	1.04	1.05	1.06	1.07	1.08	1.09	1.1	1.11	1.12	1.13	1.14	1.15	1.16	1.17	1.18	1.19	1.2	1.21	1.22	1.23	1.24	1.25	1.26	1.27	1.28	1.29	1.3	1.31	1.32	1.33	1.34	1.35	1.36	1.37	1.38	1.39	1.4	1.41	1.42	1.43	1.44	1.45	1.46	1.47	1.48	1.49	1.5	1.51	1.52	1.53	1.54	1.55	1.56	1.57	1.58	1.59	1.6	1.61	1.62	1.63	1.64	1.65	1.66	1.67	1.68	1.69	1.7	1.71	1.72	1.73	1.74	1.75	1.76	1.77	1.78	1.79	1.8	1.81	1.82	1.83	1.84	1.85	1.86	1.87	1.88	1.89	1.9	1.91	1.92	1.93	1.94	1.95	1.96	1.97	1.98	1.99	2.0	2.01	2.02	2.03	2.04	2.05	2.06	2.07	2.08	2.09	2.1	2.11	2.12	2.13	2.14	2.15	2.16	2.17	2.18	2.19	2.2	2.21	2.22	2.23	2.24	2.25	2.26	2.27	2.28	2.29	2.3	2.31	2.32	2.33	2.34	2.35	2.36	2.37	2.38	2.39	2.4	2.41	2.42	2.43	2.44	2.45	2.46	2.47	2.48	2.49
Inf	100.0	50.0	33.333333333333336	25.0	20.0	16.666666666666668	14.285714285714285	12.5	11.11111111111111	10.0	9.090909090909092	8.333333333333334	7.692307692307692	7.142857142857142	6.666666666666667	6.25	5.88235294117647	5.555555555555555	5.2631578947368425	5.0	4.761904761904762	4.545454545454546	4.3478260869565215	4.166666666666667	4.0	3.846153846153846	3.7037037037037033	3.571428571428571	3.4482758620689657	3.3333333333333335	3.2258064516129035	3.125	3.0303030303030303	2.941176470588235	2.857142857142857	2.7777777777777777	2.7027027027027026	2.6315789473684212	2.564102564102564	2.5	2.4390243902439024	2.380952380952381	2.3255813953488373	2.272727272727273	2.2222222222222223	2.1739130434782608	2.127659574468085	2.0833333333333335	2.0408163265306123	2.0	1.9607843137254901	1.923076923076923	1.8867924528301885	1.8518518518518516	1.8181818181818181	1.7857142857142856	1.7543859649122808	1.7241379310344829	1.6949152542372883	1.6666666666666667	1.639344262295082	1.6129032258064517	1.5873015873015872	1.5625	1.5384615384615383	1.5151515151515151	1.4925373134328357	1.4705882352941175	1.4492753623188408	1.4285714285714286	1.4084507042253522	1.3888888888888888	1.36986301369863	1.3513513513513513	1.3333333333333333	1.3157894736842106	1.2987012987012987	1.282051282051282	1.2658227848101264	1.25	1.2345679012345678	1.2195121951219512	1.2048192771084338	1.1904761904761905	1.1764705882352942	1.1627906976744187	1.1494252873563218	1.1363636363636365	1.1235955056179776	1.1111111111111112	1.0989010989010988	1.0869565217391304	1.075268817204301	1.0638297872340425	1.0526315789473684	1.0416666666666667	1.0309278350515465	1.0204081632653061	1.0101010101010102	1.0	0.9900990099009901	0.9803921568627451	0.970873786407767	0.9615384615384615	0.9523809523809523	0.9433962264150942	0.9345794392523364	0.9259259259259258	0.9174311926605504	0.9090909090909091	0.9009009009009008	0.8928571428571428	0.8849557522123894	0.8771929824561404	0.8695652173913044	0.8620689655172414	0.8547008547008548	0.8474576271186441	0.8403361344537815	0.8333333333333334	0.8264462809917356	0.819672131147541	0.8130081300813008	0.8064516129032259	0.8	0.7936507936507936	0.7874015748031495	0.78125	0.7751937984496123	0.7692307692307692	0.7633587786259541	0.7575757575757576	0.7518796992481203	0.7462686567164178	0.7407407407407407	0.7352941176470588	0.7299270072992701	0.7246376811594204	0.7194244604316548	0.7142857142857143	0.7092198581560284	0.7042253521126761	0.6993006993006994	0.6944444444444444	0.6896551724137931	0.684931506849315	0.6802721088435374	0.6756756756756757	0.6711409395973155	0.6666666666666666	0.6622516556291391	0.6578947368421053	0.6535947712418301	0.6493506493506493	0.6451612903225806	0.641025641025641	0.6369426751592356	0.6329113924050632	0.6289308176100629	0.625	0.6211180124223602	0.6172839506172839	0.6134969325153374	0.6097560975609756	0.6060606060606061	0.6024096385542169	0.5988023952095809	0.5952380952380952	0.591715976331361	0.5882352941176471	0.5847953216374269	0.5813953488372093	0.5780346820809249	0.5747126436781609	0.5714285714285714	0.5681818181818182	0.5649717514124294	0.5617977528089888	0.5586592178770949	0.5555555555555556	0.5524861878453039	0.5494505494505494	0.5464480874316939	0.5434782608695652	0.5405405405405405	0.5376344086021505	0.53475935828877	0.5319148936170213	0.5291005291005292	0.5263157894736842	0.5235602094240838	0.5208333333333334	0.5181347150259068	0.5154639175257733	0.5128205128205129	0.5102040816326531	0.5076142131979695	0.5050505050505051	0.5025125628140703	0.5	0.49751243781094534	0.49504950495049505	0.4926108374384237	0.49019607843137253	0.48780487804878053	0.4854368932038835	0.48309178743961356	0.4807692307692307	0.47846889952153115	0.47619047619047616	0.47393364928909953	0.4716981132075471	0.4694835680751174	0.4672897196261682	0.46511627906976744	0.4629629629629629	0.4608294930875576	0.4587155963302752	0.4566210045662101	0.45454545454545453	0.45248868778280543	0.4504504504504504	0.4484304932735426	0.4464285714285714	0.4444444444444444	0.4424778761061947	0.44052863436123346	0.4385964912280702	0.4366812227074236	0.4347826086956522	0.4329004329004329	0.4310344827586207	0.4291845493562232	0.4273504273504274	0.425531914893617	0.42372881355932207	0.42194092827004215	0.42016806722689076	0.41841004184100417	0.4166666666666667	0.41493775933609955	0.4132231404958678	0.4115226337448559	0.4098360655737705	0.4081632653061224	0.4065040650406504	0.4048582995951417	0.40322580645161293	0.4016064257028112
0.36	0.3601	0.3602	0.3603	0.3604	0.3605	0.3606	0.3607	0.3608	0.3609	0.361	0.3611	0.3612	0.3613	0.3614	0.3615	0.3616	0.3617	0.3618	0.3619	0.362	0.3621	0.3622	0.3623	0.3624	0.3625	0.3626	0.3627	0.3628	0.3629	0.363	0.3631	0.3632	0.3633	0.3634	0.3635	0.3636	0.3637	0.3638	0.3639	0.364	0.3641	0.3642	0.3643	0.3644	0.3645	0.3646	0.3647	0.3648	0.3649	0.365	0.3651	0.3652	0.3653	0.3654	0.3655	0.3656	0.3657	0.3658	0.3659	0.366	0.3661	0.3662	0.3663	0.3664	0.3665	0.3666	0.3667	0.3668	0.3669	0.367	0.3671	0.3672	0.3673	0.3674	0.3675	0.3676	0.3677	0.3678	0.3679	0.368	0.3681	0.3682	0.3683	0.3684	0.3685	0.3686	0.3687	0.3688	0.3689	0.369	0.3691	0.3692	0.3693	0.3694	0.3695	0.3696	0.3697	0.3698	0.3699	0.37	0.3701	0.3702	0.3703	0.3704	0.3705	0.3706	0.3707	0.3708	0.3709	0.371	0.3711	0.3712	0.3713	0.3714	0.3715	0.3716	0.3717	0.3718	0.3719	0.372	0.3721	0.3722	0.3723	0.3724	0.3725	0.3726	0.3727	0.3728	0.3729	0.373	0.3731	0.3732	0.3733	0.3734	0.3735	0.3736	0.3737	0.3738	0.3739	0.374	0.3741	0.3742	0.3743	0.3744	0.3745	0.3746	0.3747	0.3748	0.3749	0.375	0.3751	0.3752	0.3753	0.3754	0.3755	0.3756	0.3757	0.3758	0.3759	0.376	0.3761	0.3762	0.3763	0.3764	0.3765	0.3766	0.3767	0.3768	0.3769	0.377	0.3771	0.3772	0.3773	0.3774	0.3775	0.3776	0.3777	0.3778	0.3779	0.378	0.3781	0.3782	0.3783	0.3784	0.3785	0.3786	0.3787	0.3788	0.3789	0.379	0.3791	0.3792	0.3793	0.3794	0.3795	0.3796	0.3797	0.3798	0.3799	0.38	0.3801	0.3802	0.3803	0.3804	0.3805	0.3806	0.3807	0.3808	0.3809	0.381	0.3811	0.3812	0.3813	0.3814	0.3815	0.3816	0.3817	0.3818	0.3819	0.382	0.3821	0.3822	0.3823	0.3824	0.3825	0.3826	0.3827	0.3828	0.3829	0.383	0.3831	0.3832	0.3833	0.3834	0.3835	0.3836	0.3837	0.3838	0.3839	0.384	0.3841	0.3842	0.3843	0.3844	0.3845	0.3846	0.3847	0.3848	0.3849	0.385	0.3851	0.3852	0.3853	0.3854	0.3855	0.3856	0.3857	0.3858	0.3859	0.386	0.3861	0.3862	0.3863	0.3864	0.3865	0.3866	0.3867	0.3868	0.3869	0.387	0.3871	0.3872	0.3873	0.3874	0.3875	0.3876	0.3877	0.3878	0.3879	0.388	0.3881	0.3882	0.3883	0.3884	0.3885	0.3886	0.3887	0.3888	0.3889	0.389	0.3891	0.3892	0.3893	0.3894	0.3895	0.3896	0.3897	0.3898	0.3899	0.39	0.3901	0.3902	0.3903	0.3904	0.3905	0.3906	0.3907	0.3908	0.3909	0.391	0.3911	0.3912	0.3913	0.3914	0.3915	0.3916	0.3917	0.3918	0.3919	0.392	0.3921	0.3922	0.3923	0.3924	0.3925	0.3926	0.3927	0.3928	0.3929	0.393	0.3931	0.3932	0.3933	0.3934	0.3935	0.3936	0.3937	0.3938	0.3939	0.394	0.3941	0.3942	0.3943	0.3944	0.3945	0.3946	0.3947	0.3948	0.3949	0.395	0.3951	0.3952	0.3953	0.3954	0.3955	0.3956	0.3957	0.3958	0.3959	0.396	0.3961	0.3962	0.3963	0.3964	0.3965	0.3966	0.3967	0.3968	0.3969	0.397	0.3971	0.3972	0.3973	0.3974	0.3975	0.3976	0.3977	0.3978	0.3979	0.398	0.3981	0.3982	0.3983	0.3984	0.3985	0.3986	0.3987	0.3988	0.3989	0.399	0.3991	0.3992	0.3993	0.3994	0.3995	0.3996	0.3997	0.3998	0.3999	0.4	0.4001	0.4002	0.4003	0.4004	0.4005	0.4006	0.4007	0.4008	0.4009	0.401	0.4011	0.4012	0.4013	0.4014	0.4015	0.4016	0.4017	0.4018	0.4019	0.402	0.4021	0.4022	0.4023	0.4024	0.4025	0.4026	0.4027	0.4028	0.4029	0.403	0.4031	0.4032	0.4033	0.4034	0.4035	0.4036	0.4037	0.4038	0.4039	0.404	0.4041	0.4042	0.4043	0.4044	0.4045	0.4046	0.4047	0.4048	0.4049	0.405	0.4051	0.4052	0.4053	0.4054	0.4055	0.4056	0.4057	0.4058	0.4059	0.406	0.4061	0.4062	0.4063	0.4064	0.4065	0.4066	0.4067	0.4068	0.4069	0.407	0.4071	0.4072	0.4073	0.4074	0.4075	0.4076	0.4077	0.4078	0.4079	0.408	0.4081	0.4082	0.4083	0.4084	0.4085	0.4086	0.4087	0.4088	0.4089	0.409	0.4091	0.4092	0.4093	0.4094	0.4095	0.4096	0.4097	0.4098	0.4099	0.41	0.4101	0.4102	0.4103	0.4104	0.4105	0.4106	0.4107	0.4108	0.4109	0.411	0.4111	0.4112	0.4113	0.4114	0.4115	0.4116	0.4117	0.4118	0.4119	0.412	0.4121	0.4122	0.4123	0.4124	0.4125	0.4126	0.4127	0.4128	0.4129	0.413	0.4131	0.4132	0.4133	0.4134	0.4135	0.4136	0.4137	0.4138	0.4139	0.414	0.4141	0.4142	0.4143	0.4144	0.4145	0.4146	0.4147	0.4148	0.4149	0.415	0.4151	0.4152	0.4153	0.4154	0.4155	0.4156	0.4157	0.4158	0.4159	0.416	0.4161	0.4162	0.4163	0.4164	0.4165	0.4166	0.4167	0.4168	0.4169	0.417	0.4171	0.4172	0.4173	0.4174	0.4175	0.4176	0.4177	0.4178	0.4179	0.418	0.4181	0.4182	0.4183	0.4184	0.4185	0.4186	0.4187	0.4188	0.4189	0.419	0.4191	0.4192	0.4193	0.4194	0.4195	0.4196	0.4197	0.4198	0.4199	0.42	0.4201	0.4202	0.4203	0.4204	0.4205	0.4206	0.4207	0.4208	0.4209	0.421	0.4211	0.4212	0.4213	0.4214	0.4215	0.4216	0.4217	0.4218	0.4219	0.422	0.4221	0.4222	0.4223	0.4224	0.4225	0.4226	0.4227	0.4228	0.4229	0.423	0.4231	0.4232	0.4233	0.4234	0.4235	0.4236	0.4237	0.4238	0.4239	0.424	0.4241	0.4242	0.4243	0.4244	0.4245	0.4246	0.4247	0.4248	0.4249	0.425	0.4251	0.4252	0.4253	0.4254	0.4255	0.4256	0.4257	0.4258	0.4259	0.426	0.4261	0.4262	0.4263	0.4264	0.4265	0.4266	0.4267	0.4268	0.4269	0.427	0.4271	0.4272	0.4273	0.4274	0.4275	0.4276	0.4277	0.4278	0.4279	0.428	0.4281	0.4282	0.4283	0.4284	0.4285	0.4286	0.4287	0.4288	0.4289	0.429	0.4291	0.4292	0.4293	0.4294	0.4295	0.4296	0.4297	0.4298	0.4299	0.43
0.08
0.2
1000
0.85
0.9
0.95
0.99
